formName,First Name,Last Name,Company,Company Address,Email,Phone,Accept NDA,Signature,Image Path,Date
Check_In_Test,Ted,Vahey,ASI,400 West Cummings Park,ted@allsystems.com,7819353322,,Ted Vahey,,20160528
Check_In_Test,Ted,Vahey,ASI,400 West Cummings Park,ted@allsystems.com,7819353322,,Ted Vahey,,20160528
Check_In_Test,Ted,Vahey,ASI,400 West Cummings Park,ted@allsystems.com,7819353322,,Ted Vahey,,20160528
Check_In_Test,Ted,Vahey,ASI,400 West Cummings Park,ted@allsystems.com,7819353322,,Ted Vahey,,20160528
Check_In_Test,Tom,Brady,The NFL,Foxboro Stadium,tom@tb12.com,617-555-1212,,tb12,,20160528
Check_In_Test,John,Smith,Acme Widgets,123 Main Street Boston MA 02134,joe@acmewdigets.com,617-442-5555,,,,20160528
Check_In_Test,Jane,Doe,Acme Widgets,123 Main Street Boston MA 02134,jane@acmewdigets.com,617-442-5555,,,,20160528
Check_In_Test,Tom,Brown,Contoso,123 Main Street Boston MA 02134,tom@contoso.com,617-555-1212,,Tom Brown,,20160528
Check_In_Test,Tom,Brown,test,123,ted@abc.com,,,,,20160528
Check_In_Test,Tom,Brown,Acme Widgets,123 Main Street Boston MA 02134,joe@acmewdigets.com,617-442-5555,,Tom Brown,,20160528
Check_In_Test,Tom,Brown,Acme Widgets,123 Main Street Boston MA 02134,joe@acmewdigets.com,617-442-5555,,Tom Brown,,20160528
Check_In_Test,Tom,Brown,Acme Widgets,123 Main Street Boston MA 02134,joe@acmewdigets.com,617-442-5555,,Tom Brown,,20160528
Check_In_Test,Jane,Smith,Acme Widgets,123 Main Street Boston MA 02134,jane@acmewdigets.com,617-442-5555,,signature,,20160528
Check_In_Test,Test,User,Shawmut,123,test,1,,,,20160528
